Location,top_bot,x,y,Theta
BMASK1,2,11.5,6.6,0
BMASK1,2,11.5,102.1,0
BMASK1,2,160,102.1,0
BMASK1,2,160,6.6,0
BMASK2,2,7.5,78.1,0
BMASK2,2,7.5,173.6,0
BMASK2,2,156,173.6,0
BMASK2,2,156,78.1,0
BMASK3,2,121.5,87.5,0
BMASK3,2,121.5,183,0
BMASK3,2,270,183,0
BMASK3,2,270,87.5,0
BMASK4,2,137.5,11.8,0
BMASK4,2,137.5,107.3,0
BMASK4,2,286,107.3,0
BMASK4,2,286,11.8,0
BTAG1,2,137.5,7.8,0
BTAG1,2,137.5,103.3,0
BTAG1,2,286,103.3,0
BTAG1,2,286,7.8,0
BTAG2,2,7.5,73.6,0
BTAG2,2,7.5,169.1,0
BTAG2,2,156,169.1,0
BTAG2,2,156,73.6,0
C102,2,131.4,74.5,270
C102,2,131.4,170,270
C102,2,279.9,170,270
C102,2,279.9,74.5,270
C201,2,122,82.6,90
C201,2,122,178.1,90
C201,2,270.5,178.1,90
C201,2,270.5,82.6,90
C202,2,123.5,75.6,90
C202,2,123.5,171.1,90
C202,2,272,171.1,90
C202,2,272,75.6,90
C211,2,107.4,63.5,270
C211,2,107.4,159,270
C211,2,255.9,159,270
C211,2,255.9,63.5,270
C212,2,112.5,64.5,90
C212,2,112.5,160,90
C212,2,261,160,90
C212,2,261,64.5,90
C213,2,114,50.1,90
C213,2,114,145.6,90
C213,2,262.5,145.6,90
C213,2,262.5,50.1,90
C214,2,115.9,60,90
C214,2,115.9,155.5,90
C214,2,264.4,155.5,90
C214,2,264.4,60,90
C215,2,125,54.1,270
C215,2,125,149.6,270
C215,2,273.5,149.6,270
C215,2,273.5,54.1,270
C216,2,121.7,65.6,270
C216,2,121.7,161.1,270
C216,2,270.2,161.1,270
C216,2,270.2,65.6,270
C217,2,120,61,270
C217,2,120,156.5,270
C217,2,268.5,156.5,270
C217,2,268.5,61,270
C218,2,117.4,65.6,90
C218,2,117.4,161.1,90
C218,2,265.9,161.1,90
C218,2,265.9,65.6,90
C219,2,120,65.6,90
C219,2,120,161.1,90
C219,2,268.5,161.1,90
C219,2,268.5,65.6,90
C501,2,68.1,85.4,90
C501,2,68.1,180.9,90
C501,2,216.6,180.9,90
C501,2,216.6,85.4,90
C502,2,60.1,86.3,90
C502,2,60.1,181.8,90
C502,2,208.6,181.8,90
C502,2,208.6,86.3,90
C503,2,58.3,86.8,90
C503,2,58.3,182.3,90
C503,2,206.8,182.3,90
C503,2,206.8,86.8,90
C571,2,141.9,59.2,270
C571,2,141.9,154.7,270
C571,2,290.4,154.7,270
C571,2,290.4,59.2,270
C572,2,135.4,63.25,270
C572,2,135.4,158.75,270
C572,2,283.9,158.75,270
C572,2,283.9,63.25,270
C601,2,71.6,54.7,270
C601,2,71.6,150.2,270
C601,2,220.1,150.2,270
C601,2,220.1,54.7,270
C603,2,67.8,35.5,270
C603,2,67.8,131,270
C603,2,216.3,131,270
C603,2,216.3,35.5,270
C605,2,56.1,12.3,90
C605,2,56.1,107.8,90
C605,2,204.6,107.8,90
C605,2,204.6,12.3,90
C607,2,79.2,71.9,270
C607,2,79.2,167.4,270
C607,2,227.7,167.4,270
C607,2,227.7,71.9,270
C608,2,48.55,23.9,90
C608,2,48.55,119.4,90
C608,2,197.05,119.4,90
C608,2,197.05,23.9,90
C610,2,76.2,52.8,90
C610,2,76.2,148.3,90
C610,2,224.7,148.3,90
C610,2,224.7,52.8,90
C611,2,77.9,53.2,90
C611,2,77.9,148.7,90
C611,2,226.4,148.7,90
C611,2,226.4,53.2,90
C701,2,41.1,82.6,90
C701,2,41.1,178.1,90
C701,2,189.6,178.1,90
C701,2,189.6,82.6,90
C702,2,34.4,81.32,90
C702,2,34.4,176.82,90
C702,2,182.9,176.82,90
C702,2,182.9,81.32,90
C703,2,28.87,82,90
C703,2,28.87,177.5,90
C703,2,177.37,177.5,90
C703,2,177.37,82,90
C704,2,34,74,90
C704,2,34,169.5,90
C704,2,182.5,169.5,90
C704,2,182.5,74,90
C706,2,37.37,45.12,270
C706,2,37.37,140.62,270
C706,2,185.87,140.62,270
C706,2,185.87,45.12,270
C707,2,36.5,57,270
C707,2,36.5,152.5,270
C707,2,185,152.5,270
C707,2,185,57,270
C708,2,38.62,62.75,90
C708,2,38.62,158.25,90
C708,2,187.12,158.25,90
C708,2,187.12,62.75,90
C709,2,59.9,62.45,90
C709,2,59.9,157.95,90
C709,2,208.4,157.95,90
C709,2,208.4,62.45,90
C710,2,57.2,68.4,270
C710,2,57.2,163.9,270
C710,2,205.7,163.9,270
C710,2,205.7,68.4,270
C711,2,16.3,73.6,270
C711,2,16.3,169.1,270
C711,2,164.8,169.1,270
C711,2,164.8,73.6,270
C713,2,48.15,42.15,90
C713,2,48.15,137.65,90
C713,2,196.65,137.65,90
C713,2,196.65,42.15,90
C714,2,34,77.62,90
C714,2,34,173.12,90
C714,2,182.5,173.12,90
C714,2,182.5,77.62,90
C760,2,21.75,79.25,270
C760,2,21.75,174.75,270
C760,2,170.25,174.75,270
C760,2,170.25,79.25,270
C761,2,19.5,89.3,90
C761,2,19.5,184.8,90
C761,2,168,184.8,90
C761,2,168,89.3,90
C763,2,36.5,60,90
C763,2,36.5,155.5,90
C763,2,185,155.5,90
C763,2,185,60,90
C764,2,34.9,63,90
C764,2,34.9,158.5,90
C764,2,183.4,158.5,90
C764,2,183.4,63,90
C801,2,82,71.4,270
C801,2,82,166.9,270
C801,2,230.5,166.9,270
C801,2,230.5,71.4,270
C804,2,84.2,43.7,90
C804,2,84.2,139.2,90
C804,2,232.7,139.2,90
C804,2,232.7,43.7,90
C805,2,86.4,56.8,270
C805,2,86.4,152.3,270
C805,2,234.9,152.3,270
C805,2,234.9,56.8,270
C806,2,85.9,62.7,270
C806,2,85.9,158.2,270
C806,2,234.4,158.2,270
C806,2,234.4,62.7,270
C807,2,75.37,16,90
C807,2,75.37,111.5,90
C807,2,223.87,111.5,90
C807,2,223.87,16,90
CP100,2,133.3,71.5,0
CP100,2,133.3,167,0
CP100,2,281.8,167,0
CP100,2,281.8,71.5,0
CP201,2,141.75,20.75,0
CP201,2,141.75,116.25,0
CP201,2,290.25,116.25,0
CP201,2,290.25,20.75,0
CP202,2,5.5,68,0
CP202,2,5.5,163.5,0
CP202,2,154,163.5,0
CP202,2,154,68,0
CP203,2,8.37,31.81,0
CP203,2,8.37,127.31,0
CP203,2,156.87,127.31,0
CP203,2,156.87,31.81,0
CP204,2,8.75,83,0
CP204,2,8.75,178.5,0
CP204,2,157.25,178.5,0
CP204,2,157.25,83,0
CP205,2,127.6,68,0
CP205,2,127.6,163.5,0
CP205,2,276.1,163.5,0
CP205,2,276.1,68,0
CP206,2,43.62,84.75,0
CP206,2,43.62,180.25,0
CP206,2,192.12,180.25,0
CP206,2,192.12,84.75,0
D201,2,124.5,82.1,270
D201,2,124.5,177.6,270
D201,2,273,177.6,270
D201,2,273,82.1,270
D603,2,72.25,11.5,90
D603,2,72.25,107,90
D603,2,220.75,107,90
D603,2,220.75,11.5,90
D701,2,25.6,52.5,270
D701,2,25.6,148,270
D701,2,174.1,148,270
D701,2,174.1,52.5,270
D702,2,28.2,52.5,90
D702,2,28.2,148,90
D702,2,176.7,148,90
D702,2,176.7,52.5,90
D752,2,13.4,87.9,270
D752,2,13.4,183.4,270
D752,2,161.9,183.4,270
D752,2,161.9,87.9,270
D753,2,15.7,87.9,90
D753,2,15.7,183.4,90
D753,2,164.2,183.4,90
D753,2,164.2,87.9,90
D801,2,106.1,41.8,90
D801,2,106.1,137.3,90
D801,2,254.6,137.3,90
D801,2,254.6,41.8,90
D802,2,90.2,36.57,90
D802,2,90.2,132.07,90
D802,2,238.7,132.07,90
D802,2,238.7,36.57,90
D803,2,96.4,49.8,270
D803,2,96.4,145.3,270
D803,2,244.9,145.3,270
D803,2,244.9,49.8,270
D804,2,85,52.4,270
D804,2,85,147.9,270
D804,2,233.5,147.9,270
D804,2,233.5,52.4,270
ETH1,2,138,79.4,270
ETH1,2,138,174.9,270
ETH1,2,286.5,174.9,270
ETH1,2,286.5,79.4,270
IC111,2,120.3,52,0
IC111,2,120.3,147.5,0
IC111,2,268.8,147.5,0
IC111,2,268.8,52,0
IC501,2,64,85,90
IC501,2,64,180.5,90
IC501,2,212.5,180.5,90
IC501,2,212.5,85,90
IC701,2,29,73.6,0
IC701,2,29,169.1,0
IC701,2,177.5,169.1,0
IC701,2,177.5,73.6,0
IC801,2,80.2,63.4,0
IC801,2,80.2,158.9,0
IC801,2,228.7,158.9,0
IC801,2,228.7,63.4,0
ITP1,2,8.5,18.5,0
ITP1,2,8.5,114,0
ITP1,2,157,114,0
ITP1,2,157,18.5,0
ITP2,2,137.1,62.25,0
ITP2,2,137.1,157.75,0
ITP2,2,285.6,157.75,0
ITP2,2,285.6,62.25,0
ITP3,2,61.2,42.2,0
ITP3,2,61.2,137.7,0
ITP3,2,209.7,137.7,0
ITP3,2,209.7,42.2,0
ITP4,2,31.5,48.87,0
ITP4,2,31.5,144.37,0
ITP4,2,180,144.37,0
ITP4,2,180,48.87,0
ITP5,2,38.25,55.25,0
ITP5,2,38.25,150.75,0
ITP5,2,186.75,150.75,0
ITP5,2,186.75,55.25,0
ITP6,2,36.87,64.5,0
ITP6,2,36.87,160,0
ITP6,2,185.37,160,0
ITP6,2,185.37,64.5,0
ITP7,2,74.5,51.8,0
ITP7,2,74.5,147.3,0
ITP7,2,223,147.3,0
ITP7,2,223,51.8,0
ITP8,2,16.3,76.5,0
ITP8,2,16.3,172,0
ITP8,2,164.8,172,0
ITP8,2,164.8,76.5,0
ITP9,2,21.4,70.5,0
ITP9,2,21.4,166,0
ITP9,2,169.9,166,0
ITP9,2,169.9,70.5,0
ITP10,2,96.4,53.5,0
ITP10,2,96.4,149,0
ITP10,2,244.9,149,0
ITP10,2,244.9,53.5,0
ITP11,2,68.7,47.97,0
ITP11,2,68.7,143.47,0
ITP11,2,217.2,143.47,0
ITP11,2,217.2,47.97,0
ITP12,2,75.42,21.37,0
ITP12,2,75.42,116.87,0
ITP12,2,223.92,116.87,0
ITP12,2,223.92,21.37,0
ITP13,2,71.7,20.2,0
ITP13,2,71.7,115.7,0
ITP13,2,220.2,115.7,0
ITP13,2,220.2,20.2,0
ITP14,2,58.7,20.47,0
ITP14,2,58.7,115.97,0
ITP14,2,207.2,115.97,0
ITP14,2,207.2,20.47,0
ITP15,2,129.5,83.12,0
ITP15,2,129.5,178.62,0
ITP15,2,278,178.62,0
ITP15,2,278,83.12,0
ITP16,2,127.4,76.47,0
ITP16,2,127.4,171.97,0
ITP16,2,275.9,171.97,0
ITP16,2,275.9,76.47,0
ITP17,2,59.1,12.7,0
ITP17,2,59.1,108.2,0
ITP17,2,207.6,108.2,0
ITP17,2,207.6,12.7,0
ITP18,2,43.57,81.72,0
ITP18,2,43.57,177.22,0
ITP18,2,192.07,177.22,0
ITP18,2,192.07,81.72,0
ITP19,2,131.9,60.1,0
ITP19,2,131.9,155.6,0
ITP19,2,280.4,155.6,0
ITP19,2,280.4,60.1,0
ITP20,2,69.75,12.62,0
ITP20,2,69.75,108.12,0
ITP20,2,218.25,108.12,0
ITP20,2,218.25,12.62,0
ITP21,2,50.3,75.62,0
ITP21,2,50.3,171.12,0
ITP21,2,198.8,171.12,0
ITP21,2,198.8,75.62,0
ITP22,2,60.8,54.2,0
ITP22,2,60.8,149.7,0
ITP22,2,209.3,149.7,0
ITP22,2,209.3,54.2,0
ITP23,2,58.7,42.2,0
ITP23,2,58.7,137.7,0
ITP23,2,207.2,137.7,0
ITP23,2,207.2,42.2,0
ITP24,2,61.12,75.5,0
ITP24,2,61.12,171,0
ITP24,2,209.62,171,0
ITP24,2,209.62,75.5,0
ITP25,2,19.5,86.9,0
ITP25,2,19.5,182.4,0
ITP25,2,168,182.4,0
ITP25,2,168,86.9,0
ITP26,2,119.32,58.5,0
ITP26,2,119.32,154,0
ITP26,2,267.82,154,0
ITP26,2,267.82,58.5,0
ITP27,2,102.4,42.72,0
ITP27,2,102.4,138.22,0
ITP27,2,250.9,138.22,0
ITP27,2,250.9,42.72,0
ITP28,2,81.4,42.72,0
ITP28,2,81.4,138.22,0
ITP28,2,229.9,138.22,0
ITP28,2,229.9,42.72,0
ITP29,2,53.6,75.52,0
ITP29,2,53.6,171.02,0
ITP29,2,202.1,171.02,0
ITP29,2,202.1,75.52,0
ITP30,2,19.24,56.12,180
ITP30,2,19.24,151.62,180
ITP30,2,167.74,151.62,180
ITP30,2,167.74,56.12,180
ITP31,2,19.22,63.25,180
ITP31,2,19.22,158.75,180
ITP31,2,167.72,158.75,180
ITP31,2,167.72,63.25,180
ITP32,2,14.57,63.57,180
ITP32,2,14.57,159.07,180
ITP32,2,163.07,159.07,180
ITP32,2,163.07,63.57,180
ITP33,2,10.82,71.92,180
ITP33,2,10.82,167.42,180
ITP33,2,159.32,167.42,180
ITP33,2,159.32,71.92,180
ITP34,2,72.9,39.25,0
ITP34,2,72.9,134.75,0
ITP34,2,221.4,134.75,0
ITP34,2,221.4,39.25,0
ITP35,2,117.65,79.2,0
ITP35,2,117.65,174.7,0
ITP35,2,266.15,174.7,0
ITP35,2,266.15,79.2,0
ITP36,2,141.9,62.2,0
ITP36,2,141.9,157.7,0
ITP36,2,290.4,157.7,0
ITP36,2,290.4,62.2,0
ITP37,2,123.7,58.5,0
ITP37,2,123.7,154,0
ITP37,2,272.2,154,0
ITP37,2,272.2,58.5,0
ITP38,2,69.7,6.29,0
ITP38,2,69.7,101.79,0
ITP38,2,218.2,101.79,0
ITP38,2,218.2,6.29,0
ITP39,2,74.5,53.82,0
ITP39,2,74.5,149.32,0
ITP39,2,223,149.32,0
ITP39,2,223,53.82,0
ITP40,2,51.7,19.8,0
ITP40,2,51.7,115.3,0
ITP40,2,200.2,115.3,0
ITP40,2,200.2,19.8,0
ITP41,2,54.8,28.6,0
ITP41,2,54.8,124.1,0
ITP41,2,203.3,124.1,0
ITP41,2,203.3,28.6,0
ITP42,2,109.1,65.8,270
ITP42,2,109.1,161.3,270
ITP42,2,257.6,161.3,270
ITP42,2,257.6,65.8,270
ITP43,2,45.7,9.92,0
ITP43,2,45.7,105.42,0
ITP43,2,194.2,105.42,0
ITP43,2,194.2,9.92,0
ITP44,2,41.5,6.07,0
ITP44,2,41.5,101.57,0
ITP44,2,190,101.57,0
ITP44,2,190,6.07,0
ITP45,2,79.9,69.6,0
ITP45,2,79.9,165.1,0
ITP45,2,228.4,165.1,0
ITP45,2,228.4,69.6,0
ITP46,2,67.47,33.2,0
ITP46,2,67.47,128.7,0
ITP46,2,215.97,128.7,0
ITP46,2,215.97,33.2,0
ITP47,2,42.75,21.37,0
ITP47,2,42.75,116.87,0
ITP47,2,191.25,116.87,0
ITP47,2,191.25,21.37,0
ITP48,2,50,6.05,0
ITP48,2,50,101.55,0
ITP48,2,198.5,101.55,0
ITP48,2,198.5,6.05,0
ITP49,2,77.6,70.2,0
ITP49,2,77.6,165.7,0
ITP49,2,226.1,165.7,0
ITP49,2,226.1,70.2,0
ITP50,2,30.3,63.87,0
ITP50,2,30.3,159.37,0
ITP50,2,178.8,159.37,0
ITP50,2,178.8,63.87,0
ITP51,2,37.3,9.92,0
ITP51,2,37.3,105.42,0
ITP51,2,185.8,105.42,0
ITP51,2,185.8,9.92,0
ITP52,2,26.6,79.5,0
ITP52,2,26.6,175,0
ITP52,2,175.1,175,0
ITP52,2,175.1,79.5,0
ITP53,2,21.37,75.37,0
ITP53,2,21.37,170.87,0
ITP53,2,169.87,170.87,0
ITP53,2,169.87,75.37,0
ITP54,2,85,48.5,0
ITP54,2,85,144,0
ITP54,2,233.5,144,0
ITP54,2,233.5,48.5,0
ITP55,2,82.8,69.1,0
ITP55,2,82.8,164.6,0
ITP55,2,231.3,164.6,0
ITP55,2,231.3,69.1,0
ITP56,2,28.37,48,0
ITP56,2,28.37,143.5,0
ITP56,2,176.87,143.5,0
ITP56,2,176.87,48,0
ITP57,2,36.12,83,0
ITP57,2,36.12,178.5,0
ITP57,2,184.62,178.5,0
ITP57,2,184.62,83,0
ITP58,2,37.87,80.25,0
ITP58,2,37.87,175.75,0
ITP58,2,186.37,175.75,0
ITP58,2,186.37,80.25,0
ITP59,2,32.62,80.12,0
ITP59,2,32.62,175.62,0
ITP59,2,181.12,175.62,0
ITP59,2,181.12,80.12,0
ITP60,2,63.6,42.2,0
ITP60,2,63.6,137.7,0
ITP60,2,212.1,137.7,0
ITP60,2,212.1,42.2,0
ITP61,2,61.2,35.8,0
ITP61,2,61.2,131.3,0
ITP61,2,209.7,131.3,0
ITP61,2,209.7,35.8,0
ITP62,2,61.9,64.75,0
ITP62,2,61.9,160.25,0
ITP62,2,210.4,160.25,0
ITP62,2,210.4,64.75,0
ITP63,2,59.9,64.75,0
ITP63,2,59.9,160.25,0
ITP63,2,208.4,160.25,0
ITP63,2,208.4,64.75,0
ITP64,2,22.25,64.9,0
ITP64,2,22.25,160.4,0
ITP64,2,170.75,160.4,0
ITP64,2,170.75,64.9,0
ITP65,2,88.1,58.5,0
ITP65,2,88.1,154,0
ITP65,2,236.6,154,0
ITP65,2,236.6,58.5,0
ITP66,2,31.37,43.37,0
ITP66,2,31.37,138.87,0
ITP66,2,179.87,138.87,0
ITP66,2,179.87,43.37,0
ITP67,2,86.62,9.75,0
ITP67,2,86.62,105.25,0
ITP67,2,235.12,105.25,0
ITP67,2,235.12,9.75,0
ITP68,2,86.62,6.37,0
ITP68,2,86.62,101.87,0
ITP68,2,235.12,101.87,0
ITP68,2,235.12,6.37,0
ITP69,2,58.8,70.8,0
ITP69,2,58.8,166.3,0
ITP69,2,207.3,166.3,0
ITP69,2,207.3,70.8,0
ITP70,2,12.3,53.82,180
ITP70,2,12.3,149.32,180
ITP70,2,160.8,149.32,180
ITP70,2,160.8,53.82,180
ITP71,2,18.1,48.92,180
ITP71,2,18.1,144.42,180
ITP71,2,166.6,144.42,180
ITP71,2,166.6,48.92,180
ITP72,2,14.6,56.57,180
ITP72,2,14.6,152.07,180
ITP72,2,163.1,152.07,180
ITP72,2,163.1,56.57,180
ITP73,2,12.3,60.82,180
ITP73,2,12.3,156.32,180
ITP73,2,160.8,156.32,180
ITP73,2,160.8,60.82,180
ITP74,2,34.25,19.75,0
ITP74,2,34.25,115.25,0
ITP74,2,182.75,115.25,0
ITP74,2,182.75,19.75,0
ITP75,2,12.27,67.82,0
ITP75,2,12.27,163.32,0
ITP75,2,160.77,163.32,0
ITP75,2,160.77,67.82,0
ITP76,2,85.4,68.6,0
ITP76,2,85.4,164.1,0
ITP76,2,233.9,164.1,0
ITP76,2,233.9,68.6,0
ITP77,2,89.4,68.9,0
ITP77,2,89.4,164.4,0
ITP77,2,237.9,164.4,0
ITP77,2,237.9,68.9,0
ITP78,2,31.75,26.75,0
ITP78,2,31.75,122.25,0
ITP78,2,180.25,122.25,0
ITP78,2,180.25,26.75,0
ITP79,2,92.6,53.5,0
ITP79,2,92.6,149,0
ITP79,2,241.1,149,0
ITP79,2,241.1,53.5,0
ITP80,2,29.25,21,0
ITP80,2,29.25,116.5,0
ITP80,2,177.75,116.5,0
ITP80,2,177.75,21,0
ITP81,2,93,6.25,0
ITP81,2,93,101.75,0
ITP81,2,241.5,101.75,0
ITP81,2,241.5,6.25,0
ITP82,2,104.6,71.2,270
ITP82,2,104.6,166.7,270
ITP82,2,253.1,166.7,270
ITP82,2,253.1,71.2,270
ITP83,2,113.3,55.4,270
ITP83,2,113.3,150.9,270
ITP83,2,261.8,150.9,270
ITP83,2,261.8,55.4,270
ITP84,2,36.25,54.62,0
ITP84,2,36.25,150.12,0
ITP84,2,184.75,150.12,0
ITP84,2,184.75,54.62,0
ITP85,2,107.4,61.2,270
ITP85,2,107.4,156.7,270
ITP85,2,255.9,156.7,270
ITP85,2,255.9,61.2,270
ITP86,2,115.9,57.1,270
ITP86,2,115.9,152.6,270
ITP86,2,264.4,152.6,270
ITP86,2,264.4,57.1,270
ITP87,2,24.87,26.62,0
ITP87,2,24.87,122.12,0
ITP87,2,173.37,122.12,0
ITP87,2,173.37,26.62,0
ITP88,2,121.7,58.5,0
ITP88,2,121.7,154,0
ITP88,2,270.2,154,0
ITP88,2,270.2,58.5,0
ITP89,2,24.87,23.12,0
ITP89,2,24.87,118.62,0
ITP89,2,173.37,118.62,0
ITP89,2,173.37,23.12,0
ITP90,2,125,63.3,0
ITP90,2,125,158.8,0
ITP90,2,273.5,158.8,0
ITP90,2,273.5,63.3,0
ITP91,2,19.87,26.75,0
ITP91,2,19.87,122.25,0
ITP91,2,168.37,122.25,0
ITP91,2,168.37,26.75,0
ITP92,2,30.62,80.12,0
ITP92,2,30.62,175.62,0
ITP92,2,179.12,175.62,0
ITP92,2,179.12,80.12,0
ITP93,2,22.25,56.7,0
ITP93,2,22.25,152.2,0
ITP93,2,170.75,152.2,0
ITP93,2,170.75,56.7,0
ITP94,2,80.25,12.62,0
ITP94,2,80.25,108.12,0
ITP94,2,228.75,108.12,0
ITP94,2,228.75,12.62,0
Q201,2,131.5,81.6,270
Q201,2,131.5,177.1,270
Q201,2,280,177.1,270
Q201,2,280,81.6,270
Q202,2,118.8,82.7,270
Q202,2,118.8,178.2,270
Q202,2,267.3,178.2,270
Q202,2,267.3,82.7,270
Q211,2,109.2,69.7,270
Q211,2,109.2,165.2,270
Q211,2,257.7,165.2,270
Q211,2,257.7,69.7,270
Q212,2,108.2,57.3,90
Q212,2,108.2,152.8,90
Q212,2,256.7,152.8,90
Q212,2,256.7,57.3,90
Q213,2,112.5,59.3,270
Q213,2,112.5,154.8,270
Q213,2,261,154.8,270
Q213,2,261,59.3,270
Q572,2,138.8,58.2,270
Q572,2,138.8,153.7,270
Q572,2,287.3,153.7,270
Q572,2,287.3,58.2,270
Q573,2,131.9,56.2,270
Q573,2,131.9,151.7,270
Q573,2,280.4,151.7,270
Q573,2,280.4,56.2,270
Q602,2,69.5,40.37,270
Q602,2,69.5,135.87,270
Q602,2,218,135.87,270
Q602,2,218,40.37,270
Q604,2,66.67,19.2,270
Q604,2,66.67,114.7,270
Q604,2,215.17,114.7,270
Q604,2,215.17,19.2,270
Q605,2,64.8,9.5,270
Q605,2,64.8,105,270
Q605,2,213.3,105,270
Q605,2,213.3,9.5,270
Q701,2,48.87,72,270
Q701,2,48.87,167.5,270
Q701,2,197.37,167.5,270
Q701,2,197.37,72,270
Q702,2,60.8,48.4,270
Q702,2,60.8,143.9,270
Q702,2,209.3,143.9,270
Q702,2,209.3,48.4,270
Q703,2,53.45,39,270
Q703,2,53.45,134.5,270
Q703,2,201.95,134.5,270
Q703,2,201.95,39,270
Q704,2,62.25,72,90
Q704,2,62.25,167.5,90
Q704,2,210.75,167.5,90
Q704,2,210.75,72,90
Q705,2,53.27,71.75,270
Q705,2,53.27,167.25,270
Q705,2,201.77,167.25,270
Q705,2,201.77,71.75,270
Q706,2,18.12,52.62,90
Q706,2,18.12,148.12,90
Q706,2,166.62,148.12,90
Q706,2,166.62,52.62,90
Q707,2,18.07,59.72,90
Q707,2,18.07,155.22,90
Q707,2,166.57,155.22,90
Q707,2,166.57,59.72,90
Q708,2,18.17,66.92,90
Q708,2,18.17,162.42,90
Q708,2,166.67,162.42,90
Q708,2,166.67,66.92,90
Q801,2,99.2,44.1,270
Q801,2,99.2,139.6,270
Q801,2,247.7,139.6,270
Q801,2,247.7,44.1,270
Q802,2,78.4,44.1,270
Q802,2,78.4,139.6,270
Q802,2,226.9,139.6,270
Q802,2,226.9,44.1,270
Q803,2,89.8,49.4,270
Q803,2,89.8,144.9,270
Q803,2,238.3,144.9,270
Q803,2,238.3,49.4,270
R101,2,104.7,85.4,270
R101,2,104.7,180.9,270
R101,2,253.2,180.9,270
R101,2,253.2,85.4,270
R201,2,127.4,81.2,90
R201,2,127.4,176.7,90
R201,2,275.9,176.7,90
R201,2,275.9,81.2,90
R202,2,125.2,75.6,270
R202,2,125.2,171.1,270
R202,2,273.7,171.1,270
R202,2,273.7,75.6,270
R204,2,121.6,75.6,270
R204,2,121.6,171.1,270
R204,2,270.1,171.1,270
R204,2,270.1,75.6,270
R211,2,106.4,71.3,90
R211,2,106.4,166.8,90
R211,2,254.9,166.8,90
R211,2,254.9,71.3,90
R212,2,106.4,68.2,90
R212,2,106.4,163.7,90
R212,2,254.9,163.7,90
R212,2,254.9,68.2,90
R213,2,109.1,63.5,90
R213,2,109.1,159,90
R213,2,257.6,159,90
R213,2,257.6,63.5,90
R214,2,110.7,63.5,90
R214,2,110.7,159,90
R214,2,259.2,159,90
R214,2,259.2,63.5,90
R215,2,114.7,64.5,90
R215,2,114.7,160,90
R215,2,263.2,160,90
R215,2,263.2,64.5,90
R216,2,112.4,50.1,90
R216,2,112.4,145.6,90
R216,2,260.9,145.6,90
R216,2,260.9,50.1,90
R217,2,114,53.1,90
R217,2,114,148.6,90
R217,2,262.5,148.6,90
R217,2,262.5,53.1,90
R218,2,112.4,53.1,90
R218,2,112.4,148.6,90
R218,2,260.9,148.6,90
R218,2,260.9,53.1,90
R219,2,118.4,61,90
R219,2,118.4,156.5,90
R219,2,266.9,156.5,90
R219,2,266.9,61,90
R220,2,123.4,61,90
R220,2,123.4,156.5,90
R220,2,271.9,156.5,90
R220,2,271.9,61,90
R221,2,125,65.6,90
R221,2,125,161.1,90
R221,2,273.5,161.1,90
R221,2,273.5,65.6,90
R222,2,125,61,90
R222,2,125,156.5,90
R222,2,273.5,156.5,90
R222,2,273.5,61,90
R223,2,123.4,65.6,90
R223,2,123.4,161.1,90
R223,2,271.9,161.1,90
R223,2,271.9,65.6,90
R224,2,121.7,61,90
R224,2,121.7,156.5,90
R224,2,270.2,156.5,90
R224,2,270.2,61,90
R271,2,42.1,88.62,90
R271,2,42.1,184.12,90
R271,2,190.6,184.12,90
R271,2,190.6,88.62,90
R281,2,31.9,88.62,90
R281,2,31.9,184.12,90
R281,2,180.4,184.12,90
R281,2,180.4,88.62,90
R572,2,141.9,64.8,90
R572,2,141.9,160.3,90
R572,2,290.4,160.3,90
R572,2,290.4,64.8,90
R573,2,131.9,62.4,270
R573,2,131.9,157.9,270
R573,2,280.4,157.9,270
R573,2,280.4,62.4,270
R574,2,139.1,63.4,270
R574,2,139.1,158.9,270
R574,2,287.6,158.9,270
R574,2,287.6,63.4,270
R604,2,69.5,54.7,270
R604,2,69.5,150.2,270
R604,2,218,150.2,270
R604,2,218,54.7,270
R607,2,70.8,49.9,90
R607,2,70.8,145.4,90
R607,2,219.3,145.4,90
R607,2,219.3,49.9,90
R608,2,72.9,41.6,270
R608,2,72.9,137.1,270
R608,2,221.4,137.1,270
R608,2,221.4,41.6,270
R610,2,71.7,22.5,90
R610,2,71.7,118,90
R610,2,220.2,118,90
R610,2,220.2,22.5,90
R611,2,69.5,35.5,270
R611,2,69.5,131,270
R611,2,218,131,270
R611,2,218,35.5,270
R612,2,69.75,9.5,270
R612,2,69.75,105,270
R612,2,218.25,105,270
R612,2,218.25,9.5,270
R613,2,71.62,17,270
R613,2,71.62,112.5,270
R613,2,220.12,112.5,270
R613,2,220.12,17,270
R614,2,61,22.4,90
R614,2,61,117.9,90
R614,2,209.5,117.9,90
R614,2,209.5,22.4,90
R615,2,59.12,7.62,270
R615,2,59.12,103.12,270
R615,2,207.62,103.12,270
R615,2,207.62,7.62,270
R620,2,79.2,74.9,270
R620,2,79.2,170.4,270
R620,2,227.7,170.4,270
R620,2,227.7,74.9,270
R621,2,83.6,74.4,270
R621,2,83.6,169.9,270
R621,2,232.1,169.9,270
R621,2,232.1,74.4,270
R622,2,82,74.4,90
R622,2,82,169.9,90
R622,2,230.5,169.9,90
R622,2,230.5,74.4,90
R626,2,51.7,23.9,90
R626,2,51.7,119.4,90
R626,2,200.2,119.4,90
R626,2,200.2,23.9,90
R627,2,54.8,23.9,270
R627,2,54.8,119.4,270
R627,2,203.3,119.4,270
R627,2,203.3,23.9,270
R628,2,57.9,27.8,270
R628,2,57.9,123.3,270
R628,2,206.4,123.3,270
R628,2,206.4,27.8,270
R629,2,42.75,25.5,270
R629,2,42.75,121,270
R629,2,191.25,121,270
R629,2,191.25,25.5,270
R630,2,39.62,23.37,90
R630,2,39.62,118.87,90
R630,2,188.12,118.87,90
R630,2,188.12,23.37,90
R633,2,8.5,12.82,90
R633,2,8.5,108.32,90
R633,2,157,108.32,90
R633,2,157,12.82,90
R634,2,8.5,22.62,90
R634,2,8.5,118.12,90
R634,2,157,118.12,90
R634,2,157,22.62,90
R640,2,81.1,53.2,90
R640,2,81.1,148.7,90
R640,2,229.6,148.7,90
R640,2,229.6,53.2,90
R641,2,79.5,53.2,90
R641,2,79.5,148.7,90
R641,2,228,148.7,90
R641,2,228,53.2,90
R642,2,47.8,8,270
R642,2,47.8,103.5,270
R642,2,196.3,103.5,270
R642,2,196.3,8,270
R643,2,43.6,8,90
R643,2,43.6,103.5,90
R643,2,192.1,103.5,90
R643,2,192.1,8,90
R644,2,39.4,8,270
R644,2,39.4,103.5,270
R644,2,187.9,103.5,270
R644,2,187.9,8,270
R645,2,75.87,71.25,90
R645,2,75.87,166.75,90
R645,2,224.37,166.75,90
R645,2,224.37,71.25,90
R646,2,74.12,71.25,270
R646,2,74.12,166.75,270
R646,2,222.62,166.75,270
R646,2,222.62,71.25,270
R647,2,34.7,8,90
R647,2,34.7,103.5,90
R647,2,183.2,103.5,90
R647,2,183.2,8,90
R701,2,48.6,76.5,90
R701,2,48.6,172,90
R701,2,197.1,172,90
R701,2,197.1,76.5,90
R702,2,54.1,62.6,90
R702,2,54.1,158.1,90
R702,2,202.6,158.1,90
R702,2,202.6,62.6,90
R705,2,39.5,82.6,270
R705,2,39.5,178.1,270
R705,2,188,178.1,270
R705,2,188,82.6,270
R706,2,36.12,80.62,90
R706,2,36.12,176.12,90
R706,2,184.62,176.12,90
R706,2,184.62,80.62,90
R707,2,37.9,82.6,270
R707,2,37.9,178.1,270
R707,2,186.4,178.1,270
R707,2,186.4,82.6,270
R708,2,32.5,82.5,270
R708,2,32.5,178,270
R708,2,181,178,270
R708,2,181,82.5,270
R709,2,30.75,82.5,270
R709,2,30.75,178,270
R709,2,179.25,178,270
R709,2,179.25,82.5,270
R711,2,63.6,39,90
R711,2,63.6,134.5,90
R711,2,212.1,134.5,90
R711,2,212.1,39,90
R712,2,61.2,39,270
R712,2,61.2,134.5,270
R712,2,209.7,134.5,270
R712,2,209.7,39,270
R713,2,55.7,53.02,90
R713,2,55.7,148.52,90
R713,2,204.2,148.52,90
R713,2,204.2,53.02,90
R714,2,58.7,37.75,90
R714,2,58.7,133.25,90
R714,2,207.2,133.25,90
R714,2,207.2,37.75,90
R715,2,34.9,57,270
R715,2,34.9,152.5,270
R715,2,183.4,152.5,270
R715,2,183.4,57,270
R716,2,33.3,57,90
R716,2,33.3,152.5,90
R716,2,181.8,152.5,90
R716,2,181.8,57,90
R717,2,61.9,62.45,270
R717,2,61.9,157.95,270
R717,2,210.4,157.95,270
R717,2,210.4,62.45,270
R718,2,63.7,64.2,90
R718,2,63.7,159.7,90
R718,2,212.2,159.7,90
R718,2,212.2,64.2,90
R719,2,58.6,76.17,270
R719,2,58.6,171.67,270
R719,2,207.1,171.67,270
R719,2,207.1,76.17,270
R720,2,36.5,52.25,90
R720,2,36.5,147.75,90
R720,2,185,147.75,90
R720,2,185,52.25,90
R721,2,33.3,60,270
R721,2,33.3,155.5,270
R721,2,181.8,155.5,270
R721,2,181.8,60,270
R722,2,33.3,63,90
R722,2,33.3,158.5,90
R722,2,181.8,158.5,90
R722,2,181.8,63,90
R723,2,34.9,60,90
R723,2,34.9,155.5,90
R723,2,183.4,155.5,90
R723,2,183.4,60,90
R724,2,33.62,43.12,270
R724,2,33.62,138.62,270
R724,2,182.12,138.62,270
R724,2,182.12,43.12,270
R725,2,28.87,43.62,270
R725,2,28.87,139.12,270
R725,2,177.37,139.12,270
R725,2,177.37,43.62,270
R726,2,22.25,52.6,270
R726,2,22.25,148.1,270
R726,2,170.75,148.1,270
R726,2,170.75,52.6,270
R727,2,22.25,60.8,270
R727,2,22.25,156.3,270
R727,2,170.75,156.3,270
R727,2,170.75,60.8,270
R737,2,57.2,71.4,90
R737,2,57.2,166.9,90
R737,2,205.7,166.9,90
R737,2,205.7,71.4,90
R738,2,51.9,76.4,270
R738,2,51.9,171.9,270
R738,2,200.4,171.9,270
R738,2,200.4,76.4,270
R740,2,58.8,68.4,270
R740,2,58.8,163.9,270
R740,2,207.3,163.9,270
R740,2,207.3,68.4,270
R743,2,16.3,79.4,90
R743,2,16.3,174.9,90
R743,2,164.8,174.9,90
R743,2,164.8,79.4,90
R744,2,13.4,81.4,90
R744,2,13.4,176.9,90
R744,2,161.9,176.9,90
R744,2,161.9,81.4,90
R745,2,14.6,48.42,90
R745,2,14.6,143.92,90
R745,2,163.1,143.92,90
R745,2,163.1,48.42,90
R747,2,12.3,50.72,270
R747,2,12.3,146.22,270
R747,2,160.8,146.22,270
R747,2,160.8,50.72,270
R748,2,14.6,53.02,270
R748,2,14.6,148.52,270
R748,2,163.1,148.52,270
R748,2,163.1,53.02,270
R749,2,12.3,57.72,270
R749,2,12.3,153.22,270
R749,2,160.8,153.22,270
R749,2,160.8,57.72,270
R750,2,14.57,60.02,270
R750,2,14.57,155.52,270
R750,2,163.07,155.52,270
R750,2,163.07,60.02,270
R751,2,12.27,64.72,270
R751,2,12.27,160.22,270
R751,2,160.77,160.22,270
R751,2,160.77,64.72,270
R752,2,14.57,67.02,270
R752,2,14.57,162.52,270
R752,2,163.07,162.52,270
R752,2,163.07,67.02,270
R789,2,25,81.8,90
R789,2,25,177.3,90
R789,2,173.5,177.3,90
R789,2,173.5,81.8,90
R790,2,26.6,81.8,270
R790,2,26.6,177.3,270
R790,2,175.1,177.3,270
R790,2,175.1,81.8,270
R793,2,17.9,89.3,270
R793,2,17.9,184.8,270
R793,2,166.4,184.8,270
R793,2,166.4,89.3,270
R794,2,19.75,76.25,270
R794,2,19.75,171.75,270
R794,2,168.25,171.75,270
R794,2,168.25,76.25,270
R795,2,19.75,79.5,270
R795,2,19.75,175,270
R795,2,168.25,175,270
R795,2,168.25,79.5,270
R798,2,17.9,86.3,90
R798,2,17.9,181.8,90
R798,2,166.4,181.8,90
R798,2,166.4,86.3,90
R801,2,102.4,45.2,270
R801,2,102.4,140.7,270
R801,2,250.9,140.7,270
R801,2,250.9,45.2,270
R803,2,81.4,45.1,270
R803,2,81.4,140.6,270
R803,2,229.9,140.6,270
R803,2,229.9,45.1,270
R807,2,96.4,57.6,270
R807,2,96.4,153.1,270
R807,2,244.9,153.1,270
R807,2,244.9,57.6,270
R808,2,92.6,57.6,90
R808,2,92.6,153.1,90
R808,2,241.1,153.1,90
R808,2,241.1,57.6,90
R817,2,89.9,55.2,270
R817,2,89.9,150.7,270
R817,2,238.4,150.7,270
R817,2,238.4,55.2,270
R818,2,84.8,56.8,90
R818,2,84.8,152.3,90
R818,2,233.3,152.3,90
R818,2,233.3,56.8,90
R819,2,82.7,55.3,270
R819,2,82.7,150.8,270
R819,2,231.2,150.8,270
R819,2,231.2,55.3,270
R820,2,82.7,52.3,90
R820,2,82.7,147.8,90
R820,2,231.2,147.8,90
R820,2,231.2,52.3,90
R821,2,75.37,19,270
R821,2,75.37,114.5,270
R821,2,223.87,114.5,270
R821,2,223.87,19,270
R824,2,95.62,8.25,270
R824,2,95.62,103.75,270
R824,2,244.12,103.75,270
R824,2,244.12,8.25,270
R825,2,90.37,8.25,90
R825,2,90.37,103.75,90
R825,2,238.87,103.75,90
R825,2,238.87,8.25,90
R826,2,83.87,8.25,270
R826,2,83.87,103.75,270
R826,2,232.37,103.75,270
R826,2,232.37,8.25,270
R827,2,80.25,8.25,90
R827,2,80.25,103.75,90
R827,2,228.75,103.75,90
R827,2,228.75,8.25,90
R828,2,78.25,18.12,90
R828,2,78.25,113.62,90
R828,2,226.75,113.62,90
R828,2,226.75,18.12,90
R830,2,83.6,71.4,270
R830,2,83.6,166.9,270
R830,2,232.1,166.9,270
R830,2,232.1,71.4,270
R842,2,133.25,23.62,90
R842,2,133.25,119.12,90
R842,2,281.75,119.12,90
R842,2,281.75,23.62,90
R843,2,88,55.12,90
R843,2,88,150.62,90
R843,2,236.5,150.62,90
R843,2,236.5,55.12,90
R850,2,85.4,70.9,90
R850,2,85.4,166.4,90
R850,2,233.9,166.4,90
R850,2,233.9,70.9,90
R851,2,87,70.9,270
R851,2,87,166.4,270
R851,2,235.5,166.4,270
R851,2,235.5,70.9,270
TH401,2,129.4,74.5,270
TH401,2,129.4,170,270
TH401,2,277.9,170,270
TH401,2,277.9,74.5,270
ZD570,2,135.4,58.2,90
ZD570,2,135.4,153.7,90
ZD570,2,283.9,153.7,90
ZD570,2,283.9,58.2,90
ZD601,2,36.75,23.5,270
ZD601,2,36.75,119,270
ZD601,2,185.25,119,270
ZD601,2,185.25,23.5,270
ZD602,2,34.25,23.5,90
ZD602,2,34.25,119,90
ZD602,2,182.75,119,90
ZD602,2,182.75,23.5,90
ZD603,2,31.75,23,270
ZD603,2,31.75,118.5,270
ZD603,2,180.25,118.5,270
ZD603,2,180.25,23,270
ZD604,2,29.25,24.75,90
ZD604,2,29.25,120.25,90
ZD604,2,177.75,120.25,90
ZD604,2,177.75,24.75,90
ZD605,2,26.75,24.75,270
ZD605,2,26.75,120.25,270
ZD605,2,175.25,120.25,270
ZD605,2,175.25,24.75,270
ZD606,2,22.37,24.75,90
ZD606,2,22.37,120.25,90
ZD606,2,170.87,120.25,90
ZD606,2,170.87,24.75,90
ZD607,2,19.87,23,270
ZD607,2,19.87,118.5,270
ZD607,2,168.37,118.5,270
ZD607,2,168.37,23,270
